Title,BL10:Det:Q1:TIFF1:FilePath,BL10:Det:Q1:TIFF1:FileName,BL10:Mot:rot4,Delay,BL10:Det:Q1:AcquireTime,BL10:Det:Q1:Acquire,Delay
Sample E with QHY600,/SNSlocal/data/IPTS-33531/images/qhy600/ct_scans/November8_2024_PlantE/,Sample_E_with_QHY600_000_000,0.0,10,180,1,20
Sample E with QHY600,/SNSlocal/data/IPTS-33531/images/qhy600/ct_scans/November8_2024_PlantE/,Sample_E_with_QHY600_180_000,180.0,10,180,1,20
Sample E with QHY600,/SNSlocal/data/IPTS-33531/images/qhy600/ct_scans/November8_2024_PlantE/,Sample_E_with_QHY600_222_049,222.4922359,10,180,1,20
Sample E with QHY600,/SNSlocal/data/IPTS-33531/images/qhy600/ct_scans/November8_2024_PlantE/,Sample_E_with_QHY600_084_098,84.9844719,10,180,1,20
Sample E with QHY600,/SNSlocal/data/IPTS-33531/images/qhy600/ct_scans/November8_2024_PlantE/,Sample_E_with_QHY600_307_048,307.4767078,10,180,1,20
Sample E with QHY600,/SNSlocal/data/IPTS-33531/images/qhy600/ct_scans/November8_2024_PlantE/,Sample_E_with_QHY600_169_097,169.9689438,10,180,1,20
Sample E with QHY600,/SNSlocal/data/IPTS-33531/images/qhy600/ct_scans/November8_2024_PlantE/,Sample_E_with_QHY600_032_046,32.46117975,10,180,1,20
Sample E with QHY600,/SNSlocal/data/IPTS-33531/images/qhy600/ct_scans/November8_2024_PlantE/,Sample_E_with_QHY600_254_095,254.9534157,10,180,1,20
Sample E with QHY600,/SNSlocal/data/IPTS-33531/images/qhy600/ct_scans/November8_2024_PlantE/,Sample_E_with_QHY600_117_045,117.4456516,10,180,1,20
Sample E with QHY600,/SNSlocal/data/IPTS-33531/images/qhy600/ct_scans/November8_2024_PlantE/,Sample_E_with_QHY600_339_094,339.9378876,10,180,1,20
Sample E with QHY600,/SNSlocal/data/IPTS-33531/images/qhy600/ct_scans/November8_2024_PlantE/,Sample_E_with_QHY600_202_043,202.4301235,10,180,1,20
Sample E with QHY600,/SNSlocal/data/IPTS-33531/images/qhy600/ct_scans/November8_2024_PlantE/,Sample_E_with_QHY600_064_092,64.9223595,10,180,1,20
Sample E with QHY600,/SNSlocal/data/IPTS-33531/images/qhy600/ct_scans/November8_2024_PlantE/,Sample_E_with_QHY600_287_041,287.4145954,10,180,1,20
Sample E with QHY600,/SNSlocal/data/IPTS-33531/images/qhy600/ct_scans/November8_2024_PlantE/,Sample_E_with_QHY600_149_091,149.9068314,10,180,1,20
Sample E with QHY600,/SNSlocal/data/IPTS-33531/images/qhy600/ct_scans/November8_2024_PlantE/,Sample_E_with_QHY600_012_040,12.39906735,10,180,1,20
Sample E with QHY600,/SNSlocal/data/IPTS-33531/images/qhy600/ct_scans/November8_2024_PlantE/,Sample_E_with_QHY600_234_089,234.8913033,10,180,1,20
Sample E with QHY600,/SNSlocal/data/IPTS-33531/images/qhy600/ct_scans/November8_2024_PlantE/,Sample_E_with_QHY600_097_038,97.38353925,10,180,1,20
Sample E with QHY600,/SNSlocal/data/IPTS-33531/images/qhy600/ct_scans/November8_2024_PlantE/,Sample_E_with_QHY600_319_088,319.8757752,10,180,1,20
Sample E with QHY600,/SNSlocal/data/IPTS-33531/images/qhy600/ct_scans/November8_2024_PlantE/,Sample_E_with_QHY600_182_037,182.3680111,10,180,1,20
Sample E with QHY600,/SNSlocal/data/IPTS-33531/images/qhy600/ct_scans/November8_2024_PlantE/,Sample_E_with_QHY600_044_086,44.8602471,10,180,1,20
Sample E with QHY600,/SNSlocal/data/IPTS-33531/images/qhy600/ct_scans/November8_2024_PlantE/,Sample_E_with_QHY600_267_035,267.352483,10,180,1,20
Sample E with QHY600,/SNSlocal/data/IPTS-33531/images/qhy600/ct_scans/November8_2024_PlantE/,Sample_E_with_QHY600_129_084,129.844719,10,180,1,20
Sample E with QHY600,/SNSlocal/data/IPTS-33531/images/qhy600/ct_scans/November8_2024_PlantE/,Sample_E_with_QHY600_352_034,352.3369549,10,180,1,20
Sample E with QHY600,/SNSlocal/data/IPTS-33531/images/qhy600/ct_scans/November8_2024_PlantE/,Sample_E_with_QHY600_214_083,214.8291909,10,180,1,20
Sample E with QHY600,/SNSlocal/data/IPTS-33531/images/qhy600/ct_scans/November8_2024_PlantE/,Sample_E_with_QHY600_077_032,77.32142685,10,180,1,20
Sample E with QHY600,/SNSlocal/data/IPTS-33531/images/qhy600/ct_scans/November8_2024_PlantE/,Sample_E_with_QHY600_299_081,299.8136628,10,180,1,20
Sample E with QHY600,/SNSlocal/data/IPTS-33531/images/qhy600/ct_scans/November8_2024_PlantE/,Sample_E_with_QHY600_162_031,162.3058987,10,180,1,20
Sample E with QHY600,/SNSlocal/data/IPTS-33531/images/qhy600/ct_scans/November8_2024_PlantE/,Sample_E_with_QHY600_024_080,24.7981347,10,180,1,20
Sample E with QHY600,/SNSlocal/data/IPTS-33531/images/qhy600/ct_scans/November8_2024_PlantE/,Sample_E_with_QHY600_247_029,247.2903706,10,180,1,20
Sample E with QHY600,/SNSlocal/data/IPTS-33531/images/qhy600/ct_scans/November8_2024_PlantE/,Sample_E_with_QHY600_109_078,109.7826066,10,180,1,20
Sample E with QHY600,/SNSlocal/data/IPTS-33531/images/qhy600/ct_scans/November8_2024_PlantE/,Sample_E_with_QHY600_332_027,332.2748425,10,180,1,20
Sample E with QHY600,/SNSlocal/data/IPTS-33531/images/qhy600/ct_scans/November8_2024_PlantE/,Sample_E_with_QHY600_194_077,194.7670785,10,180,1,20
Sample E with QHY600,/SNSlocal/data/IPTS-33531/images/qhy600/ct_scans/November8_2024_PlantE/,Sample_E_with_QHY600_057_026,57.25931445,10,180,1,20
Sample E with QHY600,/SNSlocal/data/IPTS-33531/images/qhy600/ct_scans/November8_2024_PlantE/,Sample_E_with_QHY600_279_075,279.7515504,10,180,1,20
Sample E with QHY600,/SNSlocal/data/IPTS-33531/images/qhy600/ct_scans/November8_2024_PlantE/,Sample_E_with_QHY600_142_024,142.2437863,10,180,1,20
Sample E with QHY600,/SNSlocal/data/IPTS-33531/images/qhy600/ct_scans/November8_2024_PlantE/,Sample_E_with_QHY600_004_074,4.736022299,10,180,1,20
Sample E with QHY600,/SNSlocal/data/IPTS-33531/images/qhy600/ct_scans/November8_2024_PlantE/,Sample_E_with_QHY600_227_023,227.2282582,10,180,1,20
Sample E with QHY600,/SNSlocal/data/IPTS-33531/images/qhy600/ct_scans/November8_2024_PlantE/,Sample_E_with_QHY600_089_072,89.7204942,10,180,1,20
Sample E with QHY600,/SNSlocal/data/IPTS-33531/images/qhy600/ct_scans/November8_2024_PlantE/,Sample_E_with_QHY600_312_021,312.2127301,10,180,1,20
Sample E with QHY600,/SNSlocal/data/IPTS-33531/images/qhy600/ct_scans/November8_2024_PlantE/,Sample_E_with_QHY600_174_070,174.7049661,10,180,1,20
Sample E with QHY600,/SNSlocal/data/IPTS-33531/images/qhy600/ct_scans/November8_2024_PlantE/,Sample_E_with_QHY600_037_020,37.19720205,10,180,1,20
Sample E with QHY600,/SNSlocal/data/IPTS-33531/images/qhy600/ct_scans/November8_2024_PlantE/,Sample_E_with_QHY600_259_069,259.689438,10,180,1,20
Sample E with QHY600,/SNSlocal/data/IPTS-33531/images/qhy600/ct_scans/November8_2024_PlantE/,Sample_E_with_QHY600_122_018,122.1816739,10,180,1,20
Sample E with QHY600,/SNSlocal/data/IPTS-33531/images/qhy600/ct_scans/November8_2024_PlantE/,Sample_E_with_QHY600_344_067,344.6739099,10,180,1,20
Sample E with QHY600,/SNSlocal/data/IPTS-33531/images/qhy600/ct_scans/November8_2024_PlantE/,Sample_E_with_QHY600_207_017,207.1661458,10,180,1,20
Sample E with QHY600,/SNSlocal/data/IPTS-33531/images/qhy600/ct_scans/November8_2024_PlantE/,Sample_E_with_QHY600_069_066,69.6583818,10,180,1,20
Sample E with QHY600,/SNSlocal/data/IPTS-33531/images/qhy600/ct_scans/November8_2024_PlantE/,Sample_E_with_QHY600_292_015,292.1506177,10,180,1,20
Sample E with QHY600,/SNSlocal/data/IPTS-33531/images/qhy600/ct_scans/November8_2024_PlantE/,Sample_E_with_QHY600_154_064,154.6428537,10,180,1,20
Sample E with QHY600,/SNSlocal/data/IPTS-33531/images/qhy600/ct_scans/November8_2024_PlantE/,Sample_E_with_QHY600_017_014,17.13508965,10,180,1,20
Sample E with QHY600,/SNSlocal/data/IPTS-33531/images/qhy600/ct_scans/November8_2024_PlantE/,Sample_E_with_QHY600_239_063,239.6273256,10,180,1,20
Sample E with QHY600,/SNSlocal/data/IPTS-33531/images/qhy600/ct_scans/November8_2024_PlantE/,Sample_E_with_QHY600_102_012,102.1195615,10,180,1,20
Sample E with QHY600,/SNSlocal/data/IPTS-33531/images/qhy600/ct_scans/November8_2024_PlantE/,Sample_E_with_QHY600_324_061,324.6117975,10,180,1,20
Sample E with QHY600,/SNSlocal/data/IPTS-33531/images/qhy600/ct_scans/November8_2024_PlantE/,Sample_E_with_QHY600_187_010,187.1040334,10,180,1,20
Sample E with QHY600,/SNSlocal/data/IPTS-33531/images/qhy600/ct_scans/November8_2024_PlantE/,Sample_E_with_QHY600_049_060,49.5962694,10,180,1,20
Sample E with QHY600,/SNSlocal/data/IPTS-33531/images/qhy600/ct_scans/November8_2024_PlantE/,Sample_E_with_QHY600_272_009,272.0885053,10,180,1,20
Sample E with QHY600,/SNSlocal/data/IPTS-33531/images/qhy600/ct_scans/November8_2024_PlantE/,Sample_E_with_QHY600_134_058,134.5807413,10,180,1,20
Sample E with QHY600,/SNSlocal/data/IPTS-33531/images/qhy600/ct_scans/November8_2024_PlantE/,Sample_E_with_QHY600_357_007,357.0729772,10,180,1,20
Sample E with QHY600,/SNSlocal/data/IPTS-33531/images/qhy600/ct_scans/November8_2024_PlantE/,Sample_E_with_QHY600_219_057,219.5652132,10,180,1,20
Sample E with QHY600,/SNSlocal/data/IPTS-33531/images/qhy600/ct_scans/November8_2024_PlantE/,Sample_E_with_QHY600_082_006,82.05744915,10,180,1,20
Sample E with QHY600,/SNSlocal/data/IPTS-33531/images/qhy600/ct_scans/November8_2024_PlantE/,Sample_E_with_QHY600_304_055,304.5496851,10,180,1,20
Sample E with QHY600,/SNSlocal/data/IPTS-33531/images/qhy600/ct_scans/November8_2024_PlantE/,Sample_E_with_QHY600_167_004,167.041921,10,180,1,20
Sample E with QHY600,/SNSlocal/data/IPTS-33531/images/qhy600/ct_scans/November8_2024_PlantE/,Sample_E_with_QHY600_029_053,29.534157,10,180,1,20
Sample E with QHY600,/SNSlocal/data/IPTS-33531/images/qhy600/ct_scans/November8_2024_PlantE/,Sample_E_with_QHY600_252_003,252.0263929,10,180,1,20
Sample E with QHY600,/SNSlocal/data/IPTS-33531/images/qhy600/ct_scans/November8_2024_PlantE/,Sample_E_with_QHY600_114_052,114.5186289,10,180,1,20
Sample E with QHY600,/SNSlocal/data/IPTS-33531/images/qhy600/ct_scans/November8_2024_PlantE/,Sample_E_with_QHY600_337_001,337.0108648,10,180,1,20
Sample E with QHY600,/SNSlocal/data/IPTS-33531/images/qhy600/ct_scans/November8_2024_PlantE/,Sample_E_with_QHY600_199_050,199.5031008,10,180,1,20
Sample E with QHY600,/SNSlocal/data/IPTS-33531/images/qhy600/ct_scans/November8_2024_PlantE/,Sample_E_with_QHY600_062_000,61.99533675,10,180,1,20
Sample E with QHY600,/SNSlocal/data/IPTS-33531/images/qhy600/ct_scans/November8_2024_PlantE/,Sample_E_with_QHY600_284_049,284.4875727,10,180,1,20
Sample E with QHY600,/SNSlocal/data/IPTS-33531/images/qhy600/ct_scans/November8_2024_PlantE/,Sample_E_with_QHY600_146_098,146.9798086,10,180,1,20
Sample E with QHY600,/SNSlocal/data/IPTS-33531/images/qhy600/ct_scans/November8_2024_PlantE/,Sample_E_with_QHY600_009_047,9.472044597,10,180,1,20
Sample E with QHY600,/SNSlocal/data/IPTS-33531/images/qhy600/ct_scans/November8_2024_PlantE/,Sample_E_with_QHY600_231_096,231.9642805,10,180,1,20
Sample E with QHY600,/SNSlocal/data/IPTS-33531/images/qhy600/ct_scans/November8_2024_PlantE/,Sample_E_with_QHY600_094_046,94.4565165,10,180,1,20
Sample E with QHY600,/SNSlocal/data/IPTS-33531/images/qhy600/ct_scans/November8_2024_PlantE/,Sample_E_with_QHY600_316_095,316.9487524,10,180,1,20
Sample E with QHY600,/SNSlocal/data/IPTS-33531/images/qhy600/ct_scans/November8_2024_PlantE/,Sample_E_with_QHY600_179_044,179.4409884,10,180,1,20
Sample E with QHY600,/SNSlocal/data/IPTS-33531/images/qhy600/ct_scans/November8_2024_PlantE/,Sample_E_with_QHY600_041_093,41.93322435,10,180,1,20
Sample E with QHY600,/SNSlocal/data/IPTS-33531/images/qhy600/ct_scans/November8_2024_PlantE/,Sample_E_with_QHY600_264_043,264.4254603,10,180,1,20
Sample E with QHY600,/SNSlocal/data/IPTS-33531/images/qhy600/ct_scans/November8_2024_PlantE/,Sample_E_with_QHY600_126_092,126.9176962,10,180,1,20
Sample E with QHY600,/SNSlocal/data/IPTS-33531/images/qhy600/ct_scans/November8_2024_PlantE/,Sample_E_with_QHY600_349_041,349.4099322,10,180,1,20
Sample E with QHY600,/SNSlocal/data/IPTS-33531/images/qhy600/ct_scans/November8_2024_PlantE/,Sample_E_with_QHY600_211_090,211.9021681,10,180,1,20
Sample E with QHY600,/SNSlocal/data/IPTS-33531/images/qhy600/ct_scans/November8_2024_PlantE/,Sample_E_with_QHY600_074_039,74.3944041,10,180,1,20
Sample E with QHY600,/SNSlocal/data/IPTS-33531/images/qhy600/ct_scans/November8_2024_PlantE/,Sample_E_with_QHY600_296_089,296.88664,10,180,1,20
Sample E with QHY600,/SNSlocal/data/IPTS-33531/images/qhy600/ct_scans/November8_2024_PlantE/,Sample_E_with_QHY600_159_038,159.378876,10,180,1,20
Sample E with QHY600,/SNSlocal/data/IPTS-33531/images/qhy600/ct_scans/November8_2024_PlantE/,Sample_E_with_QHY600_021_087,21.87111195,10,180,1,20
Sample E with QHY600,/SNSlocal/data/IPTS-33531/images/qhy600/ct_scans/November8_2024_PlantE/,Sample_E_with_QHY600_244_036,244.3633479,10,180,1,20
Sample E with QHY600,/SNSlocal/data/IPTS-33531/images/qhy600/ct_scans/November8_2024_PlantE/,Sample_E_with_QHY600_106_086,106.8555838,10,180,1,20
Sample E with QHY600,/SNSlocal/data/IPTS-33531/images/qhy600/ct_scans/November8_2024_PlantE/,Sample_E_with_QHY600_329_035,329.3478198,10,180,1,20
Sample E with QHY600,/SNSlocal/data/IPTS-33531/images/qhy600/ct_scans/November8_2024_PlantE/,Sample_E_with_QHY600_191_084,191.8400557,10,180,1,20
Sample E with QHY600,/SNSlocal/data/IPTS-33531/images/qhy600/ct_scans/November8_2024_PlantE/,Sample_E_with_QHY600_054_033,54.3322917,10,180,1,20
Sample E with QHY600,/SNSlocal/data/IPTS-33531/images/qhy600/ct_scans/November8_2024_PlantE/,Sample_E_with_QHY600_276_082,276.8245276,10,180,1,20
Sample E with QHY600,/SNSlocal/data/IPTS-33531/images/qhy600/ct_scans/November8_2024_PlantE/,Sample_E_with_QHY600_139_032,139.3167636,10,180,1,20
Sample E with QHY600,/SNSlocal/data/IPTS-33531/images/qhy600/ct_scans/November8_2024_PlantE/,Sample_E_with_QHY600_001_081,1.808999547,10,180,1,20
Sample E with QHY600,/SNSlocal/data/IPTS-33531/images/qhy600/ct_scans/November8_2024_PlantE/,Sample_E_with_QHY600_224_030,224.3012355,10,180,1,20
Sample E with QHY600,/SNSlocal/data/IPTS-33531/images/qhy600/ct_scans/November8_2024_PlantE/,Sample_E_with_QHY600_086_079,86.79347145,10,180,1,20
Sample E with QHY600,/SNSlocal/data/IPTS-33531/images/qhy600/ct_scans/November8_2024_PlantE/,Sample_E_with_QHY600_309_029,309.2857074,10,180,1,20
Sample E with QHY600,/SNSlocal/data/IPTS-33531/images/qhy600/ct_scans/November8_2024_PlantE/,Sample_E_with_QHY600_171_078,171.7779433,10,180,1,20
Sample E with QHY600,/SNSlocal/data/IPTS-33531/images/qhy600/ct_scans/November8_2024_PlantE/,Sample_E_with_QHY600_034_027,34.2701793,10,180,1,20
Sample E with QHY600,/SNSlocal/data/IPTS-33531/images/qhy600/ct_scans/November8_2024_PlantE/,Sample_E_with_QHY600_256_076,256.7624152,10,180,1,20
Sample E with QHY600,/SNSlocal/data/IPTS-33531/images/qhy600/ct_scans/November8_2024_PlantE/,Sample_E_with_QHY600_119_025,119.2546512,10,180,1,20
Sample E with QHY600,/SNSlocal/data/IPTS-33531/images/qhy600/ct_scans/November8_2024_PlantE/,Sample_E_with_QHY600_341_075,341.7468871,10,180,1,20
Sample E with QHY600,/SNSlocal/data/IPTS-33531/images/qhy600/ct_scans/November8_2024_PlantE/,Sample_E_with_QHY600_204_024,204.2391231,10,180,1,20
Sample E with QHY600,/SNSlocal/data/IPTS-33531/images/qhy600/ct_scans/November8_2024_PlantE/,Sample_E_with_QHY600_066_073,66.73135905,10,180,1,20
Sample E with QHY600,/SNSlocal/data/IPTS-33531/images/qhy600/ct_scans/November8_2024_PlantE/,Sample_E_with_QHY600_289_022,289.223595,10,180,1,20
Sample E with QHY600,/SNSlocal/data/IPTS-33531/images/qhy600/ct_scans/November8_2024_PlantE/,Sample_E_with_QHY600_151_072,151.7158309,10,180,1,20
Sample E with QHY600,/SNSlocal/data/IPTS-33531/images/qhy600/ct_scans/November8_2024_PlantE/,Sample_E_with_QHY600_014_021,14.2080669,10,180,1,20
Sample E with QHY600,/SNSlocal/data/IPTS-33531/images/qhy600/ct_scans/November8_2024_PlantE/,Sample_E_with_QHY600_236_070,236.7003028,10,180,1,20
Sample E with QHY600,/SNSlocal/data/IPTS-33531/images/qhy600/ct_scans/November8_2024_PlantE/,Sample_E_with_QHY600_099_019,99.1925388,10,180,1,20
Sample E with QHY600,/SNSlocal/data/IPTS-33531/images/qhy600/ct_scans/November8_2024_PlantE/,Sample_E_with_QHY600_321_068,321.6847747,10,180,1,20
Sample E with QHY600,/SNSlocal/data/IPTS-33531/images/qhy600/ct_scans/November8_2024_PlantE/,Sample_E_with_QHY600_184_018,184.1770107,10,180,1,20
Sample E with QHY600,/SNSlocal/data/IPTS-33531/images/qhy600/ct_scans/November8_2024_PlantE/,Sample_E_with_QHY600_046_067,46.66924665,10,180,1,20
Sample E with QHY600,/SNSlocal/data/IPTS-33531/images/qhy600/ct_scans/November8_2024_PlantE/,Sample_E_with_QHY600_269_016,269.1614826,10,180,1,20
Sample E with QHY600,/SNSlocal/data/IPTS-33531/images/qhy600/ct_scans/November8_2024_PlantE/,Sample_E_with_QHY600_131_065,131.6537185,10,180,1,20
Sample E with QHY600,/SNSlocal/data/IPTS-33531/images/qhy600/ct_scans/November8_2024_PlantE/,Sample_E_with_QHY600_354_015,354.1459545,10,180,1,20
Sample E with QHY600,/SNSlocal/data/IPTS-33531/images/qhy600/ct_scans/November8_2024_PlantE/,Sample_E_with_QHY600_216_064,216.6381904,10,180,1,20
Sample E with QHY600,/SNSlocal/data/IPTS-33531/images/qhy600/ct_scans/November8_2024_PlantE/,Sample_E_with_QHY600_079_013,79.1304264,10,180,1,20
Sample E with QHY600,/SNSlocal/data/IPTS-33531/images/qhy600/ct_scans/November8_2024_PlantE/,Sample_E_with_QHY600_301_062,301.6226623,10,180,1,20
Sample E with QHY600,/SNSlocal/data/IPTS-33531/images/qhy600/ct_scans/November8_2024_PlantE/,Sample_E_with_QHY600_164_011,164.1148983,10,180,1,20
Sample E with QHY600,/SNSlocal/data/IPTS-33531/images/qhy600/ct_scans/November8_2024_PlantE/,Sample_E_with_QHY600_026_061,26.60713425,10,180,1,20
Sample E with QHY600,/SNSlocal/data/IPTS-33531/images/qhy600/ct_scans/November8_2024_PlantE/,Sample_E_with_QHY600_249_010,249.0993702,10,180,1,20
Sample E with QHY600,/SNSlocal/data/IPTS-33531/images/qhy600/ct_scans/November8_2024_PlantE/,Sample_E_with_QHY600_111_059,111.5916061,10,180,1,20
Sample E with QHY600,/SNSlocal/data/IPTS-33531/images/qhy600/ct_scans/November8_2024_PlantE/,Sample_E_with_QHY600_334_008,334.0838421,10,180,1,20
Sample E with QHY600,/SNSlocal/data/IPTS-33531/images/qhy600/ct_scans/November8_2024_PlantE/,Sample_E_with_QHY600_196_058,196.576078,10,180,1,20
Sample E with QHY600,/SNSlocal/data/IPTS-33531/images/qhy600/ct_scans/November8_2024_PlantE/,Sample_E_with_QHY600_059_007,59.068314,10,180,1,20
Sample E with QHY600,/SNSlocal/data/IPTS-33531/images/qhy600/ct_scans/November8_2024_PlantE/,Sample_E_with_QHY600_281_056,281.5605499,10,180,1,20
Sample E with QHY600,/SNSlocal/data/IPTS-33531/images/qhy600/ct_scans/November8_2024_PlantE/,Sample_E_with_QHY600_144_005,144.0527859,10,180,1,20
Sample E with QHY600,/SNSlocal/data/IPTS-33531/images/qhy600/ct_scans/November8_2024_PlantE/,Sample_E_with_QHY600_006_055,6.545021845,10,180,1,20
Sample E with QHY600,/SNSlocal/data/IPTS-33531/images/qhy600/ct_scans/November8_2024_PlantE/,Sample_E_with_QHY600_229_004,229.0372578,10,180,1,20
Sample E with QHY600,/SNSlocal/data/IPTS-33531/images/qhy600/ct_scans/November8_2024_PlantE/,Sample_E_with_QHY600_091_053,91.52949375,10,180,1,20
Sample E with QHY600,/SNSlocal/data/IPTS-33531/images/qhy600/ct_scans/November8_2024_PlantE/,Sample_E_with_QHY600_314_002,314.0217297,10,180,1,20
Sample E with QHY600,/SNSlocal/data/IPTS-33531/images/qhy600/ct_scans/November8_2024_PlantE/,Sample_E_with_QHY600_176_051,176.5139656,10,180,1,20
Sample E with QHY600,/SNSlocal/data/IPTS-33531/images/qhy600/ct_scans/November8_2024_PlantE/,Sample_E_with_QHY600_039_001,39.0062016,10,180,1,20
Sample E with QHY600,/SNSlocal/data/IPTS-33531/images/qhy600/ct_scans/November8_2024_PlantE/,Sample_E_with_QHY600_261_050,261.4984375,10,180,1,20
Sample E with QHY600,/SNSlocal/data/IPTS-33531/images/qhy600/ct_scans/November8_2024_PlantE/,Sample_E_with_QHY600_123_099,123.9906735,10,180,1,20
Sample E with QHY600,/SNSlocal/data/IPTS-33531/images/qhy600/ct_scans/November8_2024_PlantE/,Sample_E_with_QHY600_346_048,346.4829094,10,180,1,20
Sample E with QHY600,/SNSlocal/data/IPTS-33531/images/qhy600/ct_scans/November8_2024_PlantE/,Sample_E_with_QHY600_208_098,208.9751454,10,180,1,20
Sample E with QHY600,/SNSlocal/data/IPTS-33531/images/qhy600/ct_scans/November8_2024_PlantE/,Sample_E_with_QHY600_071_047,71.46738134,10,180,1,20
Sample E with QHY600,/SNSlocal/data/IPTS-33531/images/qhy600/ct_scans/November8_2024_PlantE/,Sample_E_with_QHY600_293_096,293.9596173,10,180,1,20
Sample E with QHY600,/SNSlocal/data/IPTS-33531/images/qhy600/ct_scans/November8_2024_PlantE/,Sample_E_with_QHY600_156_045,156.4518532,10,180,1,20
Sample E with QHY600,/SNSlocal/data/IPTS-33531/images/qhy600/ct_scans/November8_2024_PlantE/,Sample_E_with_QHY600_018_094,18.94408919,10,180,1,20
Sample E with QHY600,/SNSlocal/data/IPTS-33531/images/qhy600/ct_scans/November8_2024_PlantE/,Sample_E_with_QHY600_241_044,241.4363251,10,180,1,20
Sample E with QHY600,/SNSlocal/data/IPTS-33531/images/qhy600/ct_scans/November8_2024_PlantE/,Sample_E_with_QHY600_103_093,103.9285611,10,180,1,20
Sample E with QHY600,/SNSlocal/data/IPTS-33531/images/qhy600/ct_scans/November8_2024_PlantE/,Sample_E_with_QHY600_326_042,326.420797,10,180,1,20
Sample E with QHY600,/SNSlocal/data/IPTS-33531/images/qhy600/ct_scans/November8_2024_PlantE/,Sample_E_with_QHY600_188_091,188.913033,10,180,1,20
Sample E with QHY600,/SNSlocal/data/IPTS-33531/images/qhy600/ct_scans/November8_2024_PlantE/,Sample_E_with_QHY600_051_041,51.40526894,10,180,1,20
Sample E with QHY600,/SNSlocal/data/IPTS-33531/images/qhy600/ct_scans/November8_2024_PlantE/,Sample_E_with_QHY600_273_090,273.8975049,10,180,1,20
Sample E with QHY600,/SNSlocal/data/IPTS-33531/images/qhy600/ct_scans/November8_2024_PlantE/,Sample_E_with_QHY600_136_039,136.3897408,10,180,1,20
Sample E with QHY600,/SNSlocal/data/IPTS-33531/images/qhy600/ct_scans/November8_2024_PlantE/,Sample_E_with_QHY600_358_088,358.8819768,10,180,1,20
Sample E with QHY600,/SNSlocal/data/IPTS-33531/images/qhy600/ct_scans/November8_2024_PlantE/,Sample_E_with_QHY600_221_037,221.3742127,10,180,1,20
Sample E with QHY600,/SNSlocal/data/IPTS-33531/images/qhy600/ct_scans/November8_2024_PlantE/,Sample_E_with_QHY600_083_087,83.86644869,10,180,1,20
Sample E with QHY600,/SNSlocal/data/IPTS-33531/images/qhy600/ct_scans/November8_2024_PlantE/,Sample_E_with_QHY600_306_036,306.3586846,10,180,1,20
Sample E with QHY600,/SNSlocal/data/IPTS-33531/images/qhy600/ct_scans/November8_2024_PlantE/,Sample_E_with_QHY600_168_085,168.8509206,10,180,1,20
Sample E with QHY600,/SNSlocal/data/IPTS-33531/images/qhy600/ct_scans/November8_2024_PlantE/,Sample_E_with_QHY600_031_034,31.34315654,10,180,1,20
Sample E with QHY600,/SNSlocal/data/IPTS-33531/images/qhy600/ct_scans/November8_2024_PlantE/,Sample_E_with_QHY600_253_084,253.8353925,10,180,1,20
Sample E with QHY600,/SNSlocal/data/IPTS-33531/images/qhy600/ct_scans/November8_2024_PlantE/,Sample_E_with_QHY600_116_033,116.3276284,10,180,1,20
Sample E with QHY600,/SNSlocal/data/IPTS-33531/images/qhy600/ct_scans/November8_2024_PlantE/,Sample_E_with_QHY600_338_082,338.8198644,10,180,1,20
Sample E with QHY600,/SNSlocal/data/IPTS-33531/images/qhy600/ct_scans/November8_2024_PlantE/,Sample_E_with_QHY600_201_031,201.3121003,10,180,1,20
Sample E with QHY600,/SNSlocal/data/IPTS-33531/images/qhy600/ct_scans/November8_2024_PlantE/,Sample_E_with_QHY600_063_080,63.80433629,10,180,1,20
Sample E with QHY600,/SNSlocal/data/IPTS-33531/images/qhy600/ct_scans/November8_2024_PlantE/,Sample_E_with_QHY600_286_030,286.2965722,10,180,1,20
Sample E with QHY600,/SNSlocal/data/IPTS-33531/images/qhy600/ct_scans/November8_2024_PlantE/,Sample_E_with_QHY600_148_079,148.7888082,10,180,1,20
Sample E with QHY600,/SNSlocal/data/IPTS-33531/images/qhy600/ct_scans/November8_2024_PlantE/,Sample_E_with_QHY600_011_028,11.28104414,10,180,1,20
Sample E with QHY600,/SNSlocal/data/IPTS-33531/images/qhy600/ct_scans/November8_2024_PlantE/,Sample_E_with_QHY600_233_077,233.7732801,10,180,1,20
Sample E with QHY600,/SNSlocal/data/IPTS-33531/images/qhy600/ct_scans/November8_2024_PlantE/,Sample_E_with_QHY600_096_027,96.26551604,10,180,1,20
Sample E with QHY600,/SNSlocal/data/IPTS-33531/images/qhy600/ct_scans/November8_2024_PlantE/,Sample_E_with_QHY600_318_076,318.757752,10,180,1,20
Sample E with QHY600,/SNSlocal/data/IPTS-33531/images/qhy600/ct_scans/November8_2024_PlantE/,Sample_E_with_QHY600_181_025,181.2499879,10,180,1,20
Sample E with QHY600,/SNSlocal/data/IPTS-33531/images/qhy600/ct_scans/November8_2024_PlantE/,Sample_E_with_QHY600_043_074,43.74222389,10,180,1,20
Sample E with QHY600,/SNSlocal/data/IPTS-33531/images/qhy600/ct_scans/November8_2024_PlantE/,Sample_E_with_QHY600_266_023,266.2344598,10,180,1,20
Sample E with QHY600,/SNSlocal/data/IPTS-33531/images/qhy600/ct_scans/November8_2024_PlantE/,Sample_E_with_QHY600_128_073,128.7266958,10,180,1,20
Sample E with QHY600,/SNSlocal/data/IPTS-33531/images/qhy600/ct_scans/November8_2024_PlantE/,Sample_E_with_QHY600_351_022,351.2189317,10,180,1,20
Sample E with QHY600,/SNSlocal/data/IPTS-33531/images/qhy600/ct_scans/November8_2024_PlantE/,Sample_E_with_QHY600_213_071,213.7111677,10,180,1,20
Sample E with QHY600,/SNSlocal/data/IPTS-33531/images/qhy600/ct_scans/November8_2024_PlantE/,Sample_E_with_QHY600_076_020,76.20340364,10,180,1,20
Sample E with QHY600,/SNSlocal/data/IPTS-33531/images/qhy600/ct_scans/November8_2024_PlantE/,Sample_E_with_QHY600_298_070,298.6956396,10,180,1,20
Sample E with QHY600,/SNSlocal/data/IPTS-33531/images/qhy600/ct_scans/November8_2024_PlantE/,Sample_E_with_QHY600_161_019,161.1878755,10,180,1,20
Sample E with QHY600,/SNSlocal/data/IPTS-33531/images/qhy600/ct_scans/November8_2024_PlantE/,Sample_E_with_QHY600_023_068,23.68011149,10,180,1,20
Sample E with QHY600,/SNSlocal/data/IPTS-33531/images/qhy600/ct_scans/November8_2024_PlantE/,Sample_E_with_QHY600_246_017,246.1723474,10,180,1,20
Sample E with QHY600,/SNSlocal/data/IPTS-33531/images/qhy600/ct_scans/November8_2024_PlantE/,Sample_E_with_QHY600_108_066,108.6645834,10,180,1,20
Sample E with QHY600,/SNSlocal/data/IPTS-33531/images/qhy600/ct_scans/November8_2024_PlantE/,Sample_E_with_QHY600_331_016,331.1568193,10,180,1,20
Sample E with QHY600,/SNSlocal/data/IPTS-33531/images/qhy600/ct_scans/November8_2024_PlantE/,Sample_E_with_QHY600_193_065,193.6490553,10,180,1,20
Sample E with QHY600,/SNSlocal/data/IPTS-33531/images/qhy600/ct_scans/November8_2024_PlantE/,Sample_E_with_QHY600_056_014,56.14129124,10,180,1,20
Sample E with QHY600,/SNSlocal/data/IPTS-33531/images/qhy600/ct_scans/November8_2024_PlantE/,Sample_E_with_QHY600_278_063,278.6335272,10,180,1,20
Sample E with QHY600,/SNSlocal/data/IPTS-33531/images/qhy600/ct_scans/November8_2024_PlantE/,Sample_E_with_QHY600_141_013,141.1257631,10,180,1,20
Sample E with QHY600,/SNSlocal/data/IPTS-33531/images/qhy600/ct_scans/November8_2024_PlantE/,Sample_E_with_QHY600_003_062,3.617999093,10,180,1,20
Sample E with QHY600,/SNSlocal/data/IPTS-33531/images/qhy600/ct_scans/November8_2024_PlantE/,Sample_E_with_QHY600_226_011,226.110235,10,180,1,20
Sample E with QHY600,/SNSlocal/data/IPTS-33531/images/qhy600/ct_scans/November8_2024_PlantE/,Sample_E_with_QHY600_088_060,88.60247099,10,180,1,20
Sample E with QHY600,/SNSlocal/data/IPTS-33531/images/qhy600/ct_scans/November8_2024_PlantE/,Sample_E_with_QHY600_311_009,311.0947069,10,180,1,20
Sample E with QHY600,/SNSlocal/data/IPTS-33531/images/qhy600/ct_scans/November8_2024_PlantE/,Sample_E_with_QHY600_173_059,173.5869429,10,180,1,20
Sample E with QHY600,/SNSlocal/data/IPTS-33531/images/qhy600/ct_scans/November8_2024_PlantE/,Sample_E_with_QHY600_036_008,36.07917884,10,180,1,20
Sample E with QHY600,/SNSlocal/data/IPTS-33531/images/qhy600/ct_scans/November8_2024_PlantE/,Sample_E_with_QHY600_258_057,258.5714148,10,180,1,20
Sample E with QHY600,/SNSlocal/data/IPTS-33531/images/qhy600/ct_scans/November8_2024_PlantE/,Sample_E_with_QHY600_121_006,121.0636507,10,180,1,20
Sample E with QHY600,/SNSlocal/data/IPTS-33531/images/qhy600/ct_scans/November8_2024_PlantE/,Sample_E_with_QHY600_343_056,343.5558867,10,180,1,20
Sample E with QHY600,/SNSlocal/data/IPTS-33531/images/qhy600/ct_scans/November8_2024_PlantE/,Sample_E_with_QHY600_206_005,206.0481226,10,180,1,20
Sample E with QHY600,/SNSlocal/data/IPTS-33531/images/qhy600/ct_scans/November8_2024_PlantE/,Sample_E_with_QHY600_068_054,68.54035859,10,180,1,20
Sample E with QHY600,/SNSlocal/data/IPTS-33531/images/qhy600/ct_scans/November8_2024_PlantE/,Sample_E_with_QHY600_291_003,291.0325945,10,180,1,20
Sample E with QHY600,/SNSlocal/data/IPTS-33531/images/qhy600/ct_scans/November8_2024_PlantE/,Sample_E_with_QHY600_153_052,153.5248305,10,180,1,20
Sample E with QHY600,/SNSlocal/data/IPTS-33531/images/qhy600/ct_scans/November8_2024_PlantE/,Sample_E_with_QHY600_016_002,16.01706644,10,180,1,20
Sample E with QHY600,/SNSlocal/data/IPTS-33531/images/qhy600/ct_scans/November8_2024_PlantE/,Sample_E_with_QHY600_238_051,238.5093024,10,180,1,20
Sample E with QHY600,/SNSlocal/data/IPTS-33531/images/qhy600/ct_scans/November8_2024_PlantE/,Sample_E_with_QHY600_101_000,101.0015383,10,180,1,20
Sample E with QHY600,/SNSlocal/data/IPTS-33531/images/qhy600/ct_scans/November8_2024_PlantE/,Sample_E_with_QHY600_323_049,323.4937743,10,180,1,20
Sample E with QHY600,/SNSlocal/data/IPTS-33531/images/qhy600/ct_scans/November8_2024_PlantE/,Sample_E_with_QHY600_185_099,185.9860102,10,180,1,20
Sample E with QHY600,/SNSlocal/data/IPTS-33531/images/qhy600/ct_scans/November8_2024_PlantE/,Sample_E_with_QHY600_048_048,48.47824619,10,180,1,20
Sample E with QHY600,/SNSlocal/data/IPTS-33531/images/qhy600/ct_scans/November8_2024_PlantE/,Sample_E_with_QHY600_270_097,270.9704821,10,180,1,20
Sample E with QHY600,/SNSlocal/data/IPTS-33531/images/qhy600/ct_scans/November8_2024_PlantE/,Sample_E_with_QHY600_133_046,133.4627181,10,180,1,20
Sample E with QHY600,/SNSlocal/data/IPTS-33531/images/qhy600/ct_scans/November8_2024_PlantE/,Sample_E_with_QHY600_355_095,355.954954,10,180,1,20
Sample E with QHY600,/SNSlocal/data/IPTS-33531/images/qhy600/ct_scans/November8_2024_PlantE/,Sample_E_with_QHY600_218_045,218.44719,10,180,1,20
Sample E with QHY600,/SNSlocal/data/IPTS-33531/images/qhy600/ct_scans/November8_2024_PlantE/,Sample_E_with_QHY600_080_094,80.93942594,10,180,1,20
Sample E with QHY600,/SNSlocal/data/IPTS-33531/images/qhy600/ct_scans/November8_2024_PlantE/,Sample_E_with_QHY600_303_043,303.4316619,10,180,1,20
Sample E with QHY600,/SNSlocal/data/IPTS-33531/images/qhy600/ct_scans/November8_2024_PlantE/,Sample_E_with_QHY600_165_092,165.9238978,10,180,1,20
Sample E with QHY600,/SNSlocal/data/IPTS-33531/images/qhy600/ct_scans/November8_2024_PlantE/,Sample_E_with_QHY600_028_042,28.41613379,10,180,1,20
Sample E with QHY600,/SNSlocal/data/IPTS-33531/images/qhy600/ct_scans/November8_2024_PlantE/,Sample_E_with_QHY600_250_091,250.9083697,10,180,1,20
Sample E with QHY600,/SNSlocal/data/IPTS-33531/images/qhy600/ct_scans/November8_2024_PlantE/,Sample_E_with_QHY600_113_040,113.4006057,10,180,1,20
Sample E with QHY600,/SNSlocal/data/IPTS-33531/images/qhy600/ct_scans/November8_2024_PlantE/,Sample_E_with_QHY600_335_089,335.8928416,10,180,1,20
Sample E with QHY600,/SNSlocal/data/IPTS-33531/images/qhy600/ct_scans/November8_2024_PlantE/,Sample_E_with_QHY600_198_039,198.3850776,10,180,1,20
Sample E with QHY600,/SNSlocal/data/IPTS-33531/images/qhy600/ct_scans/November8_2024_PlantE/,Sample_E_with_QHY600_060_088,60.87731354,10,180,1,20
Sample E with QHY600,/SNSlocal/data/IPTS-33531/images/qhy600/ct_scans/November8_2024_PlantE/,Sample_E_with_QHY600_283_037,283.3695495,10,180,1,20
Sample E with QHY600,/SNSlocal/data/IPTS-33531/images/qhy600/ct_scans/November8_2024_PlantE/,Sample_E_with_QHY600_145_086,145.8617854,10,180,1,20
Sample E with QHY600,/SNSlocal/data/IPTS-33531/images/qhy600/ct_scans/November8_2024_PlantE/,Sample_E_with_QHY600_008_035,8.354021392,10,180,1,20
Sample E with QHY600,/SNSlocal/data/IPTS-33531/images/qhy600/ct_scans/November8_2024_PlantE/,Sample_E_with_QHY600_230_085,230.8462573,10,180,1,20
Sample E with QHY600,/SNSlocal/data/IPTS-33531/images/qhy600/ct_scans/November8_2024_PlantE/,Sample_E_with_QHY600_093_034,93.33849329,10,180,1,20
Sample E with QHY600,/SNSlocal/data/IPTS-33531/images/qhy600/ct_scans/November8_2024_PlantE/,Sample_E_with_QHY600_315_083,315.8307292,10,180,1,20
Sample E with QHY600,/SNSlocal/data/IPTS-33531/images/qhy600/ct_scans/November8_2024_PlantE/,Sample_E_with_QHY600_178_032,178.3229652,10,180,1,20
Sample E with QHY600,/SNSlocal/data/IPTS-33531/images/qhy600/ct_scans/November8_2024_PlantE/,Sample_E_with_QHY600_040_082,40.81520114,10,180,1,20
Sample E with QHY600,/SNSlocal/data/IPTS-33531/images/qhy600/ct_scans/November8_2024_PlantE/,Sample_E_with_QHY600_263_031,263.3074371,10,180,1,20
Sample E with QHY600,/SNSlocal/data/IPTS-33531/images/qhy600/ct_scans/November8_2024_PlantE/,Sample_E_with_QHY600_125_080,125.799673,10,180,1,20
Sample E with QHY600,/SNSlocal/data/IPTS-33531/images/qhy600/ct_scans/November8_2024_PlantE/,Sample_E_with_QHY600_348_029,348.291909,10,180,1,20
Sample E with QHY600,/SNSlocal/data/IPTS-33531/images/qhy600/ct_scans/November8_2024_PlantE/,Sample_E_with_QHY600_210_078,210.7841449,10,180,1,20
Sample E with QHY600,/SNSlocal/data/IPTS-33531/images/qhy600/ct_scans/November8_2024_PlantE/,Sample_E_with_QHY600_073_028,73.27638089,10,180,1,20
Sample E with QHY600,/SNSlocal/data/IPTS-33531/images/qhy600/ct_scans/November8_2024_PlantE/,Sample_E_with_QHY600_295_077,295.7686168,10,180,1,20
Sample E with QHY600,/SNSlocal/data/IPTS-33531/images/qhy600/ct_scans/November8_2024_PlantE/,Sample_E_with_QHY600_158_026,158.2608528,10,180,1,20
Sample E with QHY600,/SNSlocal/data/IPTS-33531/images/qhy600/ct_scans/November8_2024_PlantE/,Sample_E_with_QHY600_020_075,20.75308874,10,180,1,20
Sample E with QHY600,/SNSlocal/data/IPTS-33531/images/qhy600/ct_scans/November8_2024_PlantE/,Sample_E_with_QHY600_243_025,243.2453247,10,180,1,20
Sample E with QHY600,/SNSlocal/data/IPTS-33531/images/qhy600/ct_scans/November8_2024_PlantE/,Sample_E_with_QHY600_105_074,105.7375606,10,180,1,20
Sample E with QHY600,/SNSlocal/data/IPTS-33531/images/qhy600/ct_scans/November8_2024_PlantE/,Sample_E_with_QHY600_328_023,328.2297966,10,180,1,20
Sample E with QHY600,/SNSlocal/data/IPTS-33531/images/qhy600/ct_scans/November8_2024_PlantE/,Sample_E_with_QHY600_190_072,190.7220325,10,180,1,20
Sample E with QHY600,/SNSlocal/data/IPTS-33531/images/qhy600/ct_scans/November8_2024_PlantE/,Sample_E_with_QHY600_053_021,53.21426849,10,180,1,20
Sample E with QHY600,/SNSlocal/data/IPTS-33531/images/qhy600/ct_scans/November8_2024_PlantE/,Sample_E_with_QHY600_275_071,275.7065044,10,180,1,20
Sample E with QHY600,/SNSlocal/data/IPTS-33531/images/qhy600/ct_scans/November8_2024_PlantE/,Sample_E_with_QHY600_138_020,138.1987404,10,180,1,20
Sample E with QHY600,/SNSlocal/data/IPTS-33531/images/qhy600/ct_scans/November8_2024_PlantE/,Sample_E_with_QHY600_000_069,0.690976341,10,180,1,20
Sample E with QHY600,/SNSlocal/data/IPTS-33531/images/qhy600/ct_scans/November8_2024_PlantE/,Sample_E_with_QHY600_223_018,223.1832123,10,180,1,20
Sample E with QHY600,/SNSlocal/data/IPTS-33531/images/qhy600/ct_scans/November8_2024_PlantE/,Sample_E_with_QHY600_085_068,85.67544824,10,180,1,20
Sample E with QHY600,/SNSlocal/data/IPTS-33531/images/qhy600/ct_scans/November8_2024_PlantE/,Sample_E_with_QHY600_308_017,308.1676842,10,180,1,20
Sample E with QHY600,/SNSlocal/data/IPTS-33531/images/qhy600/ct_scans/November8_2024_PlantE/,Sample_E_with_QHY600_170_066,170.6599201,10,180,1,20
Sample E with QHY600,/SNSlocal/data/IPTS-33531/images/qhy600/ct_scans/November8_2024_PlantE/,Sample_E_with_QHY600_033_015,33.15215609,10,180,1,20
Sample E with QHY600,/SNSlocal/data/IPTS-33531/images/qhy600/ct_scans/November8_2024_PlantE/,Sample_E_with_QHY600_255_064,255.644392,10,180,1,20
Sample E with QHY600,/SNSlocal/data/IPTS-33531/images/qhy600/ct_scans/November8_2024_PlantE/,Sample_E_with_QHY600_118_014,118.136628,10,180,1,20
Sample E with QHY600,/SNSlocal/data/IPTS-33531/images/qhy600/ct_scans/November8_2024_PlantE/,Sample_E_with_QHY600_340_063,340.6288639,10,180,1,20
Sample E with QHY600,/SNSlocal/data/IPTS-33531/images/qhy600/ct_scans/November8_2024_PlantE/,Sample_E_with_QHY600_203_012,203.1210999,10,180,1,20
Sample E with QHY600,/SNSlocal/data/IPTS-33531/images/qhy600/ct_scans/November8_2024_PlantE/,Sample_E_with_QHY600_065_061,65.61333584,10,180,1,20
Sample E with QHY600,/SNSlocal/data/IPTS-33531/images/qhy600/ct_scans/November8_2024_PlantE/,Sample_E_with_QHY600_288_011,288.1055718,10,180,1,20
Sample E with QHY600,/SNSlocal/data/IPTS-33531/images/qhy600/ct_scans/November8_2024_PlantE/,Sample_E_with_QHY600_150_060,150.5978077,10,180,1,20
Sample E with QHY600,/SNSlocal/data/IPTS-33531/images/qhy600/ct_scans/November8_2024_PlantE/,Sample_E_with_QHY600_013_009,13.09004369,10,180,1,20
Sample E with QHY600,/SNSlocal/data/IPTS-33531/images/qhy600/ct_scans/November8_2024_PlantE/,Sample_E_with_QHY600_235_058,235.5822796,10,180,1,20
Sample E with QHY600,/SNSlocal/data/IPTS-33531/images/qhy600/ct_scans/November8_2024_PlantE/,Sample_E_with_QHY600_098_007,98.07451559,10,180,1,20
Sample E with QHY600,/SNSlocal/data/IPTS-33531/images/qhy600/ct_scans/November8_2024_PlantE/,Sample_E_with_QHY600_320_057,320.5667515,10,180,1,20
Sample E with QHY600,/SNSlocal/data/IPTS-33531/images/qhy600/ct_scans/November8_2024_PlantE/,Sample_E_with_QHY600_183_006,183.0589875,10,180,1,20
Sample E with QHY600,/SNSlocal/data/IPTS-33531/images/qhy600/ct_scans/November8_2024_PlantE/,Sample_E_with_QHY600_045_055,45.55122344,10,180,1,20
Sample E with QHY600,/SNSlocal/data/IPTS-33531/images/qhy600/ct_scans/November8_2024_PlantE/,Sample_E_with_QHY600_268_004,268.0434594,10,180,1,20
Sample E with QHY600,/SNSlocal/data/IPTS-33531/images/qhy600/ct_scans/November8_2024_PlantE/,Sample_E_with_QHY600_130_054,130.5356953,10,180,1,20
Sample E with QHY600,/SNSlocal/data/IPTS-33531/images/qhy600/ct_scans/November8_2024_PlantE/,Sample_E_with_QHY600_353_003,353.0279313,10,180,1,20
Sample E with QHY600,/SNSlocal/data/IPTS-33531/images/qhy600/ct_scans/November8_2024_PlantE/,Sample_E_with_QHY600_215_052,215.5201672,10,180,1,20
Sample E with QHY600,/SNSlocal/data/IPTS-33531/images/qhy600/ct_scans/November8_2024_PlantE/,Sample_E_with_QHY600_078_001,78.01240319,10,180,1,20
Sample E with QHY600,/SNSlocal/data/IPTS-33531/images/qhy600/ct_scans/November8_2024_PlantE/,Sample_E_with_QHY600_300_050,300.5046391,10,180,1,20
Sample E with QHY600,/SNSlocal/data/IPTS-33531/images/qhy600/ct_scans/November8_2024_PlantE/,Sample_E_with_QHY600_163_000,162.9968751,10,180,1,20
Sample E with QHY600,/SNSlocal/data/IPTS-33531/images/qhy600/ct_scans/November8_2024_PlantE/,Sample_E_with_QHY600_025_049,25.48911104,10,180,1,20
Sample E with QHY600,/SNSlocal/data/IPTS-33531/images/qhy600/ct_scans/November8_2024_PlantE/,Sample_E_with_QHY600_247_098,247.981347,10,180,1,20
Sample E with QHY600,/SNSlocal/data/IPTS-33531/images/qhy600/ct_scans/November8_2024_PlantE/,Sample_E_with_QHY600_110_047,110.4735829,10,180,1,20
Sample E with QHY600,/SNSlocal/data/IPTS-33531/images/qhy600/ct_scans/November8_2024_PlantE/,Sample_E_with_QHY600_332_097,332.9658189,10,180,1,20
Sample E with QHY600,/SNSlocal/data/IPTS-33531/images/qhy600/ct_scans/November8_2024_PlantE/,Sample_E_with_QHY600_195_046,195.4580548,10,180,1,20
Sample E with QHY600,/SNSlocal/data/IPTS-33531/images/qhy600/ct_scans/November8_2024_PlantE/,Sample_E_with_QHY600_057_095,57.95029079,10,180,1,20
Sample E with QHY600,/SNSlocal/data/IPTS-33531/images/qhy600/ct_scans/November8_2024_PlantE/,Sample_E_with_QHY600_280_044,280.4425267,10,180,1,20
Sample E with QHY600,/SNSlocal/data/IPTS-33531/images/qhy600/ct_scans/November8_2024_PlantE/,Sample_E_with_QHY600_142_093,142.9347627,10,180,1,20
Sample E with QHY600,/SNSlocal/data/IPTS-33531/images/qhy600/ct_scans/November8_2024_PlantE/,Sample_E_with_QHY600_005_043,5.42699864,10,180,1,20
Sample E with QHY600,/SNSlocal/data/IPTS-33531/images/qhy600/ct_scans/November8_2024_PlantE/,Sample_E_with_QHY600_227_092,227.9192346,10,180,1,20
Sample E with QHY600,/SNSlocal/data/IPTS-33531/images/qhy600/ct_scans/November8_2024_PlantE/,Sample_E_with_QHY600_090_041,90.41147054,10,180,1,20
Sample E with QHY600,/SNSlocal/data/IPTS-33531/images/qhy600/ct_scans/November8_2024_PlantE/,Sample_E_with_QHY600_312_090,312.9037065,10,180,1,20
Sample E with QHY600,/SNSlocal/data/IPTS-33531/images/qhy600/ct_scans/November8_2024_PlantE/,Sample_E_with_QHY600_175_040,175.3959424,10,180,1,20
Sample E with QHY600,/SNSlocal/data/IPTS-33531/images/qhy600/ct_scans/November8_2024_PlantE/,Sample_E_with_QHY600_037_089,37.88817839,10,180,1,20
Sample E with QHY600,/SNSlocal/data/IPTS-33531/images/qhy600/ct_scans/November8_2024_PlantE/,Sample_E_with_QHY600_260_038,260.3804143,10,180,1,20
Sample E with QHY600,/SNSlocal/data/IPTS-33531/images/qhy600/ct_scans/November8_2024_PlantE/,Sample_E_with_QHY600_122_087,122.8726503,10,180,1,20
Sample E with QHY600,/SNSlocal/data/IPTS-33531/images/qhy600/ct_scans/November8_2024_PlantE/,Sample_E_with_QHY600_345_036,345.3648862,10,180,1,20
Sample E with QHY600,/SNSlocal/data/IPTS-33531/images/qhy600/ct_scans/November8_2024_PlantE/,Sample_E_with_QHY600_207_086,207.8571222,10,180,1,20
Sample E with QHY600,/SNSlocal/data/IPTS-33531/images/qhy600/ct_scans/November8_2024_PlantE/,Sample_E_with_QHY600_070_035,70.34935814,10,180,1,20
Sample E with QHY600,/SNSlocal/data/IPTS-33531/images/qhy600/ct_scans/November8_2024_PlantE/,Sample_E_with_QHY600_292_084,292.8415941,10,180,1,20
Sample E with QHY600,/SNSlocal/data/IPTS-33531/images/qhy600/ct_scans/November8_2024_PlantE/,Sample_E_with_QHY600_155_033,155.33383,10,180,1,20
Sample E with QHY600,/SNSlocal/data/IPTS-33531/images/qhy600/ct_scans/November8_2024_PlantE/,Sample_E_with_QHY600_017_083,17.82606599,10,180,1,20
Sample E with QHY600,/SNSlocal/data/IPTS-33531/images/qhy600/ct_scans/November8_2024_PlantE/,Sample_E_with_QHY600_240_032,240.3183019,10,180,1,20
Sample E with QHY600,/SNSlocal/data/IPTS-33531/images/qhy600/ct_scans/November8_2024_PlantE/,Sample_E_with_QHY600_102_081,102.8105379,10,180,1,20
Sample E with QHY600,/SNSlocal/data/IPTS-33531/images/qhy600/ct_scans/November8_2024_PlantE/,Sample_E_with_QHY600_325_030,325.3027738,10,180,1,20
Sample E with QHY600,/SNSlocal/data/IPTS-33531/images/qhy600/ct_scans/November8_2024_PlantE/,Sample_E_with_QHY600_187_080,187.7950098,10,180,1,20
Sample E with QHY600,/SNSlocal/data/IPTS-33531/images/qhy600/ct_scans/November8_2024_PlantE/,Sample_E_with_QHY600_050_029,50.28724574,10,180,1,20
Sample E with QHY600,/SNSlocal/data/IPTS-33531/images/qhy600/ct_scans/November8_2024_PlantE/,Sample_E_with_QHY600_272_078,272.7794817,10,180,1,20
Sample E with QHY600,/SNSlocal/data/IPTS-33531/images/qhy600/ct_scans/November8_2024_PlantE/,Sample_E_with_QHY600_135_027,135.2717176,10,180,1,20
Sample E with QHY600,/SNSlocal/data/IPTS-33531/images/qhy600/ct_scans/November8_2024_PlantE/,Sample_E_with_QHY600_357_076,357.7639536,10,180,1,20
Sample E with QHY600,/SNSlocal/data/IPTS-33531/images/qhy600/ct_scans/November8_2024_PlantE/,Sample_E_with_QHY600_220_026,220.2561895,10,180,1,20
Sample E with QHY600,/SNSlocal/data/IPTS-33531/images/qhy600/ct_scans/November8_2024_PlantE/,Sample_E_with_QHY600_082_075,82.74842549,10,180,1,20
Sample E with QHY600,/SNSlocal/data/IPTS-33531/images/qhy600/ct_scans/November8_2024_PlantE/,Sample_E_with_QHY600_305_024,305.2406614,10,180,1,20
Sample E with QHY600,/SNSlocal/data/IPTS-33531/images/qhy600/ct_scans/November8_2024_PlantE/,Sample_E_with_QHY600_167_073,167.7328974,10,180,1,20
Sample E with QHY600,/SNSlocal/data/IPTS-33531/images/qhy600/ct_scans/November8_2024_PlantE/,Sample_E_with_QHY600_030_023,30.22513334,10,180,1,20
Sample E with QHY600,/SNSlocal/data/IPTS-33531/images/qhy600/ct_scans/November8_2024_PlantE/,Sample_E_with_QHY600_252_072,252.7173693,10,180,1,20
Sample E with QHY600,/SNSlocal/data/IPTS-33531/images/qhy600/ct_scans/November8_2024_PlantE/,Sample_E_with_QHY600_115_021,115.2096052,10,180,1,20
Sample E with QHY600,/SNSlocal/data/IPTS-33531/images/qhy600/ct_scans/November8_2024_PlantE/,Sample_E_with_QHY600_337_070,337.7018412,10,180,1,20
Sample E with QHY600,/SNSlocal/data/IPTS-33531/images/qhy600/ct_scans/November8_2024_PlantE/,Sample_E_with_QHY600_200_019,200.1940771,10,180,1,20
Sample E with QHY600,/SNSlocal/data/IPTS-33531/images/qhy600/ct_scans/November8_2024_PlantE/,Sample_E_with_QHY600_062_069,62.68631309,10,180,1,20
Sample E with QHY600,/SNSlocal/data/IPTS-33531/images/qhy600/ct_scans/November8_2024_PlantE/,Sample_E_with_QHY600_285_018,285.178549,10,180,1,20
Sample E with QHY600,/SNSlocal/data/IPTS-33531/images/qhy600/ct_scans/November8_2024_PlantE/,Sample_E_with_QHY600_147_067,147.670785,10,180,1,20
Sample E with QHY600,/SNSlocal/data/IPTS-33531/images/qhy600/ct_scans/November8_2024_PlantE/,Sample_E_with_QHY600_010_016,10.16302094,10,180,1,20
Sample E with QHY600,/SNSlocal/data/IPTS-33531/images/qhy600/ct_scans/November8_2024_PlantE/,Sample_E_with_QHY600_232_066,232.6552569,10,180,1,20
Sample E with QHY600,/SNSlocal/data/IPTS-33531/images/qhy600/ct_scans/November8_2024_PlantE/,Sample_E_with_QHY600_095_015,95.14749284,10,180,1,20
Sample E with QHY600,/SNSlocal/data/IPTS-33531/images/qhy600/ct_scans/November8_2024_PlantE/,Sample_E_with_QHY600_317_064,317.6397288,10,180,1,20
Sample E with QHY600,/SNSlocal/data/IPTS-33531/images/qhy600/ct_scans/November8_2024_PlantE/,Sample_E_with_QHY600_180_013,180.1319647,10,180,1,20
Sample E with QHY600,/SNSlocal/data/IPTS-33531/images/qhy600/ct_scans/November8_2024_PlantE/,Sample_E_with_QHY600_042_062,42.62420069,10,180,1,20
Sample E with QHY600,/SNSlocal/data/IPTS-33531/images/qhy600/ct_scans/November8_2024_PlantE/,Sample_E_with_QHY600_265_012,265.1164366,10,180,1,20
Sample E with QHY600,/SNSlocal/data/IPTS-33531/images/qhy600/ct_scans/November8_2024_PlantE/,Sample_E_with_QHY600_127_061,127.6086726,10,180,1,20
Sample E with QHY600,/SNSlocal/data/IPTS-33531/images/qhy600/ct_scans/November8_2024_PlantE/,Sample_E_with_QHY600_350_010,350.1009085,10,180,1,20
Sample E with QHY600,/SNSlocal/data/IPTS-33531/images/qhy600/ct_scans/November8_2024_PlantE/,Sample_E_with_QHY600_212_059,212.5931445,10,180,1,20
Sample E with QHY600,/SNSlocal/data/IPTS-33531/images/qhy600/ct_scans/November8_2024_PlantE/,Sample_E_with_QHY600_075_009,75.08538044,10,180,1,20
Sample E with QHY600,/SNSlocal/data/IPTS-33531/images/qhy600/ct_scans/November8_2024_PlantE/,Sample_E_with_QHY600_297_058,297.5776164,10,180,1,20
Sample E with QHY600,/SNSlocal/data/IPTS-33531/images/qhy600/ct_scans/November8_2024_PlantE/,Sample_E_with_QHY600_160_007,160.0698523,10,180,1,20
Sample E with QHY600,/SNSlocal/data/IPTS-33531/images/qhy600/ct_scans/November8_2024_PlantE/,Sample_E_with_QHY600_022_056,22.56208829,10,180,1,20
Sample E with QHY600,/SNSlocal/data/IPTS-33531/images/qhy600/ct_scans/November8_2024_PlantE/,Sample_E_with_QHY600_245_005,245.0543242,10,180,1,20
Sample E with QHY600,/SNSlocal/data/IPTS-33531/images/qhy600/ct_scans/November8_2024_PlantE/,Sample_E_with_QHY600_107_055,107.5465602,10,180,1,20
Sample E with QHY600,/SNSlocal/data/IPTS-33531/images/qhy600/ct_scans/November8_2024_PlantE/,Sample_E_with_QHY600_330_004,330.0387961,10,180,1,20
Sample E with QHY600,/SNSlocal/data/IPTS-33531/images/qhy600/ct_scans/November8_2024_PlantE/,Sample_E_with_QHY600_192_053,192.5310321,10,180,1,20
Sample E with QHY600,/SNSlocal/data/IPTS-33531/images/qhy600/ct_scans/November8_2024_PlantE/,Sample_E_with_QHY600_055_002,55.02326804,10,180,1,20
Sample E with QHY600,/SNSlocal/data/IPTS-33531/images/qhy600/ct_scans/November8_2024_PlantE/,Sample_E_with_QHY600_277_052,277.515504,10,180,1,20
Sample E with QHY600,/SNSlocal/data/IPTS-33531/images/qhy600/ct_scans/November8_2024_PlantE/,Sample_E_with_QHY600_140_001,140.0077399,10,180,1,20
Sample E with QHY600,/SNSlocal/data/IPTS-33531/images/qhy600/ct_scans/November8_2024_PlantE/,Sample_E_with_QHY600_002_050,2.499975888,10,180,1,20
Sample E with QHY600,/SNSlocal/data/IPTS-33531/images/qhy600/ct_scans/November8_2024_PlantE/,Sample_E_with_QHY600_224_099,224.9922118,10,180,1,20
Sample E with QHY600,/SNSlocal/data/IPTS-33531/images/qhy600/ct_scans/November8_2024_PlantE/,Sample_E_with_QHY600_087_048,87.48444779,10,180,1,20
Sample E with QHY600,/SNSlocal/data/IPTS-33531/images/qhy600/ct_scans/November8_2024_PlantE/,Sample_E_with_QHY600_309_098,309.9766837,10,180,1,20
Sample E with QHY600,/SNSlocal/data/IPTS-33531/images/qhy600/ct_scans/November8_2024_PlantE/,Sample_E_with_QHY600_172_047,172.4689197,10,180,1,20
Sample E with QHY600,/SNSlocal/data/IPTS-33531/images/qhy600/ct_scans/November8_2024_PlantE/,Sample_E_with_QHY600_034_096,34.96115564,10,180,1,20
Sample E with QHY600,/SNSlocal/data/IPTS-33531/images/qhy600/ct_scans/November8_2024_PlantE/,Sample_E_with_QHY600_257_045,257.4533916,10,180,1,20
Sample E with QHY600,/SNSlocal/data/IPTS-33531/images/qhy600/ct_scans/November8_2024_PlantE/,Sample_E_with_QHY600_119_095,119.9456275,10,180,1,20
Sample E with QHY600,/SNSlocal/data/IPTS-33531/images/qhy600/ct_scans/November8_2024_PlantE/,Sample_E_with_QHY600_342_044,342.4378635,10,180,1,20
Sample E with QHY600,/SNSlocal/data/IPTS-33531/images/qhy600/ct_scans/November8_2024_PlantE/,Sample_E_with_QHY600_204_093,204.9300994,10,180,1,20
Sample E with QHY600,/SNSlocal/data/IPTS-33531/images/qhy600/ct_scans/November8_2024_PlantE/,Sample_E_with_QHY600_067_042,67.42233539,10,180,1,20
Sample E with QHY600,/SNSlocal/data/IPTS-33531/images/qhy600/ct_scans/November8_2024_PlantE/,Sample_E_with_QHY600_289_091,289.9145713,10,180,1,20
Sample E with QHY600,/SNSlocal/data/IPTS-33531/images/qhy600/ct_scans/November8_2024_PlantE/,Sample_E_with_QHY600_152_041,152.4068073,10,180,1,20
Sample E with QHY600,/SNSlocal/data/IPTS-33531/images/qhy600/ct_scans/November8_2024_PlantE/,Sample_E_with_QHY600_014_090,14.89904324,10,180,1,20
Sample E with QHY600,/SNSlocal/data/IPTS-33531/images/qhy600/ct_scans/November8_2024_PlantE/,Sample_E_with_QHY600_237_039,237.3912792,10,180,1,20
Sample E with QHY600,/SNSlocal/data/IPTS-33531/images/qhy600/ct_scans/November8_2024_PlantE/,Sample_E_with_QHY600_099_088,99.88351514,10,180,1,20
Sample E with QHY600,/SNSlocal/data/IPTS-33531/images/qhy600/ct_scans/November8_2024_PlantE/,Sample_E_with_QHY600_322_038,322.3757511,10,180,1,20
Sample E with QHY600,/SNSlocal/data/IPTS-33531/images/qhy600/ct_scans/November8_2024_PlantE/,Sample_E_with_QHY600_184_087,184.867987,10,180,1,20
Sample E with QHY600,/SNSlocal/data/IPTS-33531/images/qhy600/ct_scans/November8_2024_PlantE/,Sample_E_with_QHY600_047_036,47.36022299,10,180,1,20
Sample E with QHY600,/SNSlocal/data/IPTS-33531/images/qhy600/ct_scans/November8_2024_PlantE/,Sample_E_with_QHY600_269_085,269.8524589,10,180,1,20
Sample E with QHY600,/SNSlocal/data/IPTS-33531/images/qhy600/ct_scans/November8_2024_PlantE/,Sample_E_with_QHY600_132_034,132.3446949,10,180,1,20
Sample E with QHY600,/SNSlocal/data/IPTS-33531/images/qhy600/ct_scans/November8_2024_PlantE/,Sample_E_with_QHY600_354_084,354.8369308,10,180,1,20
Sample E with QHY600,/SNSlocal/data/IPTS-33531/images/qhy600/ct_scans/November8_2024_PlantE/,Sample_E_with_QHY600_217_033,217.3291668,10,180,1,20
Sample E with QHY600,/SNSlocal/data/IPTS-33531/images/qhy600/ct_scans/November8_2024_PlantE/,Sample_E_with_QHY600_079_082,79.82140274,10,180,1,20
Sample E with QHY600,/SNSlocal/data/IPTS-33531/images/qhy600/ct_scans/November8_2024_PlantE/,Sample_E_with_QHY600_302_031,302.3136387,10,180,1,20
Sample E with QHY600,/SNSlocal/data/IPTS-33531/images/qhy600/ct_scans/November8_2024_PlantE/,Sample_E_with_QHY600_164_081,164.8058746,10,180,1,20
Sample E with QHY600,/SNSlocal/data/IPTS-33531/images/qhy600/ct_scans/November8_2024_PlantE/,Sample_E_with_QHY600_027_030,27.29811059,10,180,1,20
Sample E with QHY600,/SNSlocal/data/IPTS-33531/images/qhy600/ct_scans/November8_2024_PlantE/,Sample_E_with_QHY600_249_079,249.7903465,10,180,1,20
Sample E with QHY600,/SNSlocal/data/IPTS-33531/images/qhy600/ct_scans/November8_2024_PlantE/,Sample_E_with_QHY600_112_028,112.2825825,10,180,1,20
Sample E with QHY600,/SNSlocal/data/IPTS-33531/images/qhy600/ct_scans/November8_2024_PlantE/,Sample_E_with_QHY600_334_077,334.7748184,10,180,1,20
Sample E with QHY600,/SNSlocal/data/IPTS-33531/images/qhy600/ct_scans/November8_2024_PlantE/,Sample_E_with_QHY600_197_027,197.2670544,10,180,1,20
Sample E with QHY600,/SNSlocal/data/IPTS-33531/images/qhy600/ct_scans/November8_2024_PlantE/,Sample_E_with_QHY600_059_076,59.75929034,10,180,1,20
Sample E with QHY600,/SNSlocal/data/IPTS-33531/images/qhy600/ct_scans/November8_2024_PlantE/,Sample_E_with_QHY600_282_025,282.2515263,10,180,1,20
Sample E with QHY600,/SNSlocal/data/IPTS-33531/images/qhy600/ct_scans/November8_2024_PlantE/,Sample_E_with_QHY600_144_074,144.7437622,10,180,1,20
Sample E with QHY600,/SNSlocal/data/IPTS-33531/images/qhy600/ct_scans/November8_2024_PlantE/,Sample_E_with_QHY600_007_024,7.235998187,10,180,1,20
Sample E with QHY600,/SNSlocal/data/IPTS-33531/images/qhy600/ct_scans/November8_2024_PlantE/,Sample_E_with_QHY600_229_073,229.7282341,10,180,1,20
Sample E with QHY600,/SNSlocal/data/IPTS-33531/images/qhy600/ct_scans/November8_2024_PlantE/,Sample_E_with_QHY600_092_022,92.22047009,10,180,1,20
Sample E with QHY600,/SNSlocal/data/IPTS-33531/images/qhy600/ct_scans/November8_2024_PlantE/,Sample_E_with_QHY600_314_071,314.712706,10,180,1,20
Sample E with QHY600,/SNSlocal/data/IPTS-33531/images/qhy600/ct_scans/November8_2024_PlantE/,Sample_E_with_QHY600_177_020,177.204942,10,180,1,20
Sample E with QHY600,/SNSlocal/data/IPTS-33531/images/qhy600/ct_scans/November8_2024_PlantE/,Sample_E_with_QHY600_039_070,39.69717794,10,180,1,20
Sample E with QHY600,/SNSlocal/data/IPTS-33531/images/qhy600/ct_scans/November8_2024_PlantE/,Sample_E_with_QHY600_262_019,262.1894139,10,180,1,20
Sample E with QHY600,/SNSlocal/data/IPTS-33531/images/qhy600/ct_scans/November8_2024_PlantE/,Sample_E_with_QHY600_124_068,124.6816498,10,180,1,20
Sample E with QHY600,/SNSlocal/data/IPTS-33531/images/qhy600/ct_scans/November8_2024_PlantE/,Sample_E_with_QHY600_347_017,347.1738858,10,180,1,20
Sample E with QHY600,/SNSlocal/data/IPTS-33531/images/qhy600/ct_scans/November8_2024_PlantE/,Sample_E_with_QHY600_209_067,209.6661217,10,180,1,20
Sample E with QHY600,/SNSlocal/data/IPTS-33531/images/qhy600/ct_scans/November8_2024_PlantE/,Sample_E_with_QHY600_072_016,72.15835769,10,180,1,20
Sample E with QHY600,/SNSlocal/data/IPTS-33531/images/qhy600/ct_scans/November8_2024_PlantE/,Sample_E_with_QHY600_294_065,294.6505936,10,180,1,20
Sample E with QHY600,/SNSlocal/data/IPTS-33531/images/qhy600/ct_scans/November8_2024_PlantE/,Sample_E_with_QHY600_157_014,157.1428296,10,180,1,20
Sample E with QHY600,/SNSlocal/data/IPTS-33531/images/qhy600/ct_scans/November8_2024_PlantE/,Sample_E_with_QHY600_019_064,19.63506554,10,180,1,20
Sample E with QHY600,/SNSlocal/data/IPTS-33531/images/qhy600/ct_scans/November8_2024_PlantE/,Sample_E_with_QHY600_242_013,242.1273015,10,180,1,20
Sample E with QHY600,/SNSlocal/data/IPTS-33531/images/qhy600/ct_scans/November8_2024_PlantE/,Sample_E_with_QHY600_104_062,104.6195374,10,180,1,20
Sample E with QHY600,/SNSlocal/data/IPTS-33531/images/qhy600/ct_scans/November8_2024_PlantE/,Sample_E_with_QHY600_327_011,327.1117734,10,180,1,20
Sample E with QHY600,/SNSlocal/data/IPTS-33531/images/qhy600/ct_scans/November8_2024_PlantE/,Sample_E_with_QHY600_189_060,189.6040093,10,180,1,20
Sample E with QHY600,/SNSlocal/data/IPTS-33531/images/qhy600/ct_scans/November8_2024_PlantE/,Sample_E_with_QHY600_052_010,52.09624529,10,180,1,20
Sample E with QHY600,/SNSlocal/data/IPTS-33531/images/qhy600/ct_scans/November8_2024_PlantE/,Sample_E_with_QHY600_274_059,274.5884812,10,180,1,20
Sample E with QHY600,/SNSlocal/data/IPTS-33531/images/qhy600/ct_scans/November8_2024_PlantE/,Sample_E_with_QHY600_137_008,137.0807172,10,180,1,20
Sample E with QHY600,/SNSlocal/data/IPTS-33531/images/qhy600/ct_scans/November8_2024_PlantE/,Sample_E_with_QHY600_359_057,359.5729531,10,180,1,20
Sample E with QHY600,/SNSlocal/data/IPTS-33531/images/qhy600/ct_scans/November8_2024_PlantE/,Sample_E_with_QHY600_222_007,222.0651891,10,180,1,20
Sample E with QHY600,/SNSlocal/data/IPTS-33531/images/qhy600/ct_scans/November8_2024_PlantE/,Sample_E_with_QHY600_084_056,84.55742504,10,180,1,20
Sample E with QHY600,/SNSlocal/data/IPTS-33531/images/qhy600/ct_scans/November8_2024_PlantE/,Sample_E_with_QHY600_307_005,307.049661,10,180,1,20
Sample E with QHY600,/SNSlocal/data/IPTS-33531/images/qhy600/ct_scans/November8_2024_PlantE/,Sample_E_with_QHY600_169_054,169.5418969,10,180,1,20
Sample E with QHY600,/SNSlocal/data/IPTS-33531/images/qhy600/ct_scans/November8_2024_PlantE/,Sample_E_with_QHY600_032_003,32.03413289,10,180,1,20
Sample E with QHY600,/SNSlocal/data/IPTS-33531/images/qhy600/ct_scans/November8_2024_PlantE/,Sample_E_with_QHY600_254_053,254.5263688,10,180,1,20
Sample E with QHY600,/SNSlocal/data/IPTS-33531/images/qhy600/ct_scans/November8_2024_PlantE/,Sample_E_with_QHY600_117_002,117.0186048,10,180,1,20
Sample E with QHY600,/SNSlocal/data/IPTS-33531/images/qhy600/ct_scans/November8_2024_PlantE/,Sample_E_with_QHY600_339_051,339.5108407,10,180,1,20
Sample E with QHY600,/SNSlocal/data/IPTS-33531/images/qhy600/ct_scans/November8_2024_PlantE/,Sample_E_with_QHY600_202_000,202.0030767,10,180,1,20
Sample E with QHY600,/SNSlocal/data/IPTS-33531/images/qhy600/ct_scans/November8_2024_PlantE/,Sample_E_with_QHY600_064_050,64.49531264,10,180,1,20
Sample E with QHY600,/SNSlocal/data/IPTS-33531/images/qhy600/ct_scans/November8_2024_PlantE/,Sample_E_with_QHY600_286_099,286.9875486,10,180,1,20
Sample E with QHY600,/SNSlocal/data/IPTS-33531/images/qhy600/ct_scans/November8_2024_PlantE/,Sample_E_with_QHY600_149_048,149.4797845,10,180,1,20
Sample E with QHY600,/SNSlocal/data/IPTS-33531/images/qhy600/ct_scans/November8_2024_PlantE/,Sample_E_with_QHY600_011_097,11.97202049,10,180,1,20
Sample E with QHY600,/SNSlocal/data/IPTS-33531/images/qhy600/ct_scans/November8_2024_PlantE/,Sample_E_with_QHY600_234_046,234.4642564,10,180,1,20
Sample E with QHY600,/SNSlocal/data/IPTS-33531/images/qhy600/ct_scans/November8_2024_PlantE/,Sample_E_with_QHY600_096_096,96.95649239,10,180,1,20
Sample E with QHY600,/SNSlocal/data/IPTS-33531/images/qhy600/ct_scans/November8_2024_PlantE/,Sample_E_with_QHY600_319_045,319.4487283,10,180,1,20
Sample E with QHY600,/SNSlocal/data/IPTS-33531/images/qhy600/ct_scans/November8_2024_PlantE/,Sample_E_with_QHY600_181_094,181.9409643,10,180,1,20
Sample E with QHY600,/SNSlocal/data/IPTS-33531/images/qhy600/ct_scans/November8_2024_PlantE/,Sample_E_with_QHY600_044_043,44.43320024,10,180,1,20
Sample E with QHY600,/SNSlocal/data/IPTS-33531/images/qhy600/ct_scans/November8_2024_PlantE/,Sample_E_with_QHY600_266_093,266.9254362,10,180,1,20
Sample E with QHY600,/SNSlocal/data/IPTS-33531/images/qhy600/ct_scans/November8_2024_PlantE/,Sample_E_with_QHY600_129_042,129.4176721,10,180,1,20
Sample E with QHY600,/SNSlocal/data/IPTS-33531/images/qhy600/ct_scans/November8_2024_PlantE/,Sample_E_with_QHY600_351_091,351.9099081,10,180,1,20
Sample E with QHY600,/SNSlocal/data/IPTS-33531/images/qhy600/ct_scans/November8_2024_PlantE/,Sample_E_with_QHY600_214_040,214.402144,10,180,1,20
Sample E with QHY600,/SNSlocal/data/IPTS-33531/images/qhy600/ct_scans/November8_2024_PlantE/,Sample_E_with_QHY600_076_089,76.89437998,10,180,1,20
Sample E with QHY600,/SNSlocal/data/IPTS-33531/images/qhy600/ct_scans/November8_2024_PlantE/,Sample_E_with_QHY600_299_039,299.3866159,10,180,1,20
Sample E with QHY600,/SNSlocal/data/IPTS-33531/images/qhy600/ct_scans/November8_2024_PlantE/,Sample_E_with_QHY600_161_088,161.8788519,10,180,1,20
Sample E with QHY600,/SNSlocal/data/IPTS-33531/images/qhy600/ct_scans/November8_2024_PlantE/,Sample_E_with_QHY600_024_037,24.37108783,10,180,1,20
Sample E with QHY600,/SNSlocal/data/IPTS-33531/images/qhy600/ct_scans/November8_2024_PlantE/,Sample_E_with_QHY600_246_086,246.8633238,10,180,1,20
Sample E with QHY600,/SNSlocal/data/IPTS-33531/images/qhy600/ct_scans/November8_2024_PlantE/,Sample_E_with_QHY600_109_036,109.3555597,10,180,1,20
Sample E with QHY600,/SNSlocal/data/IPTS-33531/images/qhy600/ct_scans/November8_2024_PlantE/,Sample_E_with_QHY600_331_085,331.8477957,10,180,1,20
Sample E with QHY600,/SNSlocal/data/IPTS-33531/images/qhy600/ct_scans/November8_2024_PlantE/,Sample_E_with_QHY600_194_034,194.3400316,10,180,1,20
Sample E with QHY600,/SNSlocal/data/IPTS-33531/images/qhy600/ct_scans/November8_2024_PlantE/,Sample_E_with_QHY600_056_083,56.83226758,10,180,1,20
Sample E with QHY600,/SNSlocal/data/IPTS-33531/images/qhy600/ct_scans/November8_2024_PlantE/,Sample_E_with_QHY600_279_032,279.3245035,10,180,1,20
Sample E with QHY600,/SNSlocal/data/IPTS-33531/images/qhy600/ct_scans/November8_2024_PlantE/,Sample_E_with_QHY600_141_082,141.8167395,10,180,1,20
Sample E with QHY600,/SNSlocal/data/IPTS-33531/images/qhy600/ct_scans/November8_2024_PlantE/,Sample_E_with_QHY600_004_031,4.308975434,10,180,1,20
Sample E with QHY600,/SNSlocal/data/IPTS-33531/images/qhy600/ct_scans/November8_2024_PlantE/,Sample_E_with_QHY600_226_080,226.8012114,10,180,1,20
Sample E with QHY600,/SNSlocal/data/IPTS-33531/images/qhy600/ct_scans/November8_2024_PlantE/,Sample_E_with_QHY600_089_029,89.29344733,10,180,1,20
Sample E with QHY600,/SNSlocal/data/IPTS-33531/images/qhy600/ct_scans/November8_2024_PlantE/,Sample_E_with_QHY600_311_079,311.7856833,10,180,1,20
Sample E with QHY600,/SNSlocal/data/IPTS-33531/images/qhy600/ct_scans/November8_2024_PlantE/,Sample_E_with_QHY600_174_028,174.2779192,10,180,1,20
Sample E with QHY600,/SNSlocal/data/IPTS-33531/images/qhy600/ct_scans/November8_2024_PlantE/,Sample_E_with_QHY600_036_077,36.77015518,10,180,1,20
Sample E with QHY600,/SNSlocal/data/IPTS-33531/images/qhy600/ct_scans/November8_2024_PlantE/,Sample_E_with_QHY600_259_026,259.2623911,10,180,1,20
Sample E with QHY600,/SNSlocal/data/IPTS-33531/images/qhy600/ct_scans/November8_2024_PlantE/,Sample_E_with_QHY600_121_075,121.7546271,10,180,1,20
Sample E with QHY600,/SNSlocal/data/IPTS-33531/images/qhy600/ct_scans/November8_2024_PlantE/,Sample_E_with_QHY600_344_025,344.246863,10,180,1,20
Sample E with QHY600,/SNSlocal/data/IPTS-33531/images/qhy600/ct_scans/November8_2024_PlantE/,Sample_E_with_QHY600_206_074,206.739099,10,180,1,20
Sample E with QHY600,/SNSlocal/data/IPTS-33531/images/qhy600/ct_scans/November8_2024_PlantE/,Sample_E_with_QHY600_069_023,69.23133493,10,180,1,20
Sample E with QHY600,/SNSlocal/data/IPTS-33531/images/qhy600/ct_scans/November8_2024_PlantE/,Sample_E_with_QHY600_291_072,291.7235709,10,180,1,20
Sample E with QHY600,/SNSlocal/data/IPTS-33531/images/qhy600/ct_scans/November8_2024_PlantE/,Sample_E_with_QHY600_154_022,154.2158068,10,180,1,20
Sample E with QHY600,/SNSlocal/data/IPTS-33531/images/qhy600/ct_scans/November8_2024_PlantE/,Sample_E_with_QHY600_016_071,16.70804278,10,180,1,20
Sample E with QHY600,/SNSlocal/data/IPTS-33531/images/qhy600/ct_scans/November8_2024_PlantE/,Sample_E_with_QHY600_239_020,239.2002787,10,180,1,20
Sample E with QHY600,/SNSlocal/data/IPTS-33531/images/qhy600/ct_scans/November8_2024_PlantE/,Sample_E_with_QHY600_101_069,101.6925147,10,180,1,20
Sample E with QHY600,/SNSlocal/data/IPTS-33531/images/qhy600/ct_scans/November8_2024_PlantE/,Sample_E_with_QHY600_324_018,324.1847506,10,180,1,20
Sample E with QHY600,/SNSlocal/data/IPTS-33531/images/qhy600/ct_scans/November8_2024_PlantE/,Sample_E_with_QHY600_186_068,186.6769866,10,180,1,20
Sample E with QHY600,/SNSlocal/data/IPTS-33531/images/qhy600/ct_scans/November8_2024_PlantE/,Sample_E_with_QHY600_049_017,49.16922253,10,180,1,20
Sample E with QHY600,/SNSlocal/data/IPTS-33531/images/qhy600/ct_scans/November8_2024_PlantE/,Sample_E_with_QHY600_271_066,271.6614585,10,180,1,20
Sample E with QHY600,/SNSlocal/data/IPTS-33531/images/qhy600/ct_scans/November8_2024_PlantE/,Sample_E_with_QHY600_134_015,134.1536944,10,180,1,20
Sample E with QHY600,/SNSlocal/data/IPTS-33531/images/qhy600/ct_scans/November8_2024_PlantE/,Sample_E_with_QHY600_356_065,356.6459304,10,180,1,20
Sample E with QHY600,/SNSlocal/data/IPTS-33531/images/qhy600/ct_scans/November8_2024_PlantE/,Sample_E_with_QHY600_219_014,219.1381663,10,180,1,20
Sample E with QHY600,/SNSlocal/data/IPTS-33531/images/qhy600/ct_scans/November8_2024_PlantE/,Sample_E_with_QHY600_081_063,81.63040228,10,180,1,20
Sample E with QHY600,/SNSlocal/data/IPTS-33531/images/qhy600/ct_scans/November8_2024_PlantE/,Sample_E_with_QHY600_304_012,304.1226382,10,180,1,20
Sample E with QHY600,/SNSlocal/data/IPTS-33531/images/qhy600/ct_scans/November8_2024_PlantE/,Sample_E_with_QHY600_166_061,166.6148742,10,180,1,20
Sample E with QHY600,/SNSlocal/data/IPTS-33531/images/qhy600/ct_scans/November8_2024_PlantE/,Sample_E_with_QHY600_029_011,29.10711013,10,180,1,20
Sample E with QHY600,/SNSlocal/data/IPTS-33531/images/qhy600/ct_scans/November8_2024_PlantE/,Sample_E_with_QHY600_251_060,251.5993461,10,180,1,20
Sample E with QHY600,/SNSlocal/data/IPTS-33531/images/qhy600/ct_scans/November8_2024_PlantE/,Sample_E_with_QHY600_114_009,114.091582,10,180,1,20
Sample E with QHY600,/SNSlocal/data/IPTS-33531/images/qhy600/ct_scans/November8_2024_PlantE/,Sample_E_with_QHY600_336_058,336.583818,10,180,1,20
Sample E with QHY600,/SNSlocal/data/IPTS-33531/images/qhy600/ct_scans/November8_2024_PlantE/,Sample_E_with_QHY600_199_008,199.0760539,10,180,1,20
Sample E with QHY600,/SNSlocal/data/IPTS-33531/images/qhy600/ct_scans/November8_2024_PlantE/,Sample_E_with_QHY600_061_057,61.56828988,10,180,1,20
Sample E with QHY600,/SNSlocal/data/IPTS-33531/images/qhy600/ct_scans/November8_2024_PlantE/,Sample_E_with_QHY600_284_006,284.0605258,10,180,1,20
Sample E with QHY600,/SNSlocal/data/IPTS-33531/images/qhy600/ct_scans/November8_2024_PlantE/,Sample_E_with_QHY600_146_055,146.5527618,10,180,1,20
Sample E with QHY600,/SNSlocal/data/IPTS-33531/images/qhy600/ct_scans/November8_2024_PlantE/,Sample_E_with_QHY600_009_004,9.044997733,10,180,1,20
Sample E with QHY600,/SNSlocal/data/IPTS-33531/images/qhy600/ct_scans/November8_2024_PlantE/,Sample_E_with_QHY600_231_054,231.5372337,10,180,1,20
Sample E with QHY600,/SNSlocal/data/IPTS-33531/images/qhy600/ct_scans/November8_2024_PlantE/,Sample_E_with_QHY600_094_003,94.02946963,10,180,1,20
Sample E with QHY600,/SNSlocal/data/IPTS-33531/images/qhy600/ct_scans/November8_2024_PlantE/,Sample_E_with_QHY600_316_052,316.5217056,10,180,1,20
Sample E with QHY600,/SNSlocal/data/IPTS-33531/images/qhy600/ct_scans/November8_2024_PlantE/,Sample_E_with_QHY600_179_001,179.0139415,10,180,1,20
Sample E with QHY600,/SNSlocal/data/IPTS-33531/images/qhy600/ct_scans/November8_2024_PlantE/,Sample_E_with_QHY600_041_051,41.50617748,10,180,1,20
Sample E with QHY600,/SNSlocal/data/IPTS-33531/images/qhy600/ct_scans/November8_2024_PlantE/,Sample_E_with_QHY600_264_000,263.9984134,10,180,1,20
Sample E with QHY600,/SNSlocal/data/IPTS-33531/images/qhy600/ct_scans/November8_2024_PlantE/,Sample_E_with_QHY600_126_049,126.4906494,10,180,1,20
Sample E with QHY600,/SNSlocal/data/IPTS-33531/images/qhy600/ct_scans/November8_2024_PlantE/,Sample_E_with_QHY600_348_098,348.9828853,10,180,1,20
Sample E with QHY600,/SNSlocal/data/IPTS-33531/images/qhy600/ct_scans/November8_2024_PlantE/,Sample_E_with_QHY600_211_048,211.4751213,10,180,1,20
Sample E with QHY600,/SNSlocal/data/IPTS-33531/images/qhy600/ct_scans/November8_2024_PlantE/,Sample_E_with_QHY600_073_097,73.96735723,10,180,1,20
Sample E with QHY600,/SNSlocal/data/IPTS-33531/images/qhy600/ct_scans/November8_2024_PlantE/,Sample_E_with_QHY600_296_046,296.4595932,10,180,1,20
Sample E with QHY600,/SNSlocal/data/IPTS-33531/images/qhy600/ct_scans/November8_2024_PlantE/,Sample_E_with_QHY600_158_095,158.9518291,10,180,1,20
Sample E with QHY600,/SNSlocal/data/IPTS-33531/images/qhy600/ct_scans/November8_2024_PlantE/,Sample_E_with_QHY600_021_044,21.44406508,10,180,1,20
Sample E with QHY600,/SNSlocal/data/IPTS-33531/images/qhy600/ct_scans/November8_2024_PlantE/,Sample_E_with_QHY600_243_094,243.936301,10,180,1,20
Sample E with QHY600,/SNSlocal/data/IPTS-33531/images/qhy600/ct_scans/November8_2024_PlantE/,Sample_E_with_QHY600_106_043,106.428537,10,180,1,20
Sample E with QHY600,/SNSlocal/data/IPTS-33531/images/qhy600/ct_scans/November8_2024_PlantE/,Sample_E_with_QHY600_328_092,328.9207729,10,180,1,20
Sample E with QHY600,/SNSlocal/data/IPTS-33531/images/qhy600/ct_scans/November8_2024_PlantE/,Sample_E_with_QHY600_191_041,191.4130089,10,180,1,20
Sample E with QHY600,/SNSlocal/data/IPTS-33531/images/qhy600/ct_scans/November8_2024_PlantE/,Sample_E_with_QHY600_053_091,53.90524483,10,180,1,20
Sample E with QHY600,/SNSlocal/data/IPTS-33531/images/qhy600/ct_scans/November8_2024_PlantE/,Sample_E_with_QHY600_276_040,276.3974808,10,180,1,20
Sample E with QHY600,/SNSlocal/data/IPTS-33531/images/qhy600/ct_scans/November8_2024_PlantE/,Sample_E_with_QHY600_138_089,138.8897167,10,180,1,20
Sample E with QHY600,/SNSlocal/data/IPTS-33531/images/qhy600/ct_scans/November8_2024_PlantE/,Sample_E_with_QHY600_001_038,1.381952682,10,180,1,20
Sample E with QHY600,/SNSlocal/data/IPTS-33531/images/qhy600/ct_scans/November8_2024_PlantE/,Sample_E_with_QHY600_223_087,223.8741886,10,180,1,20
Sample E with QHY600,/SNSlocal/data/IPTS-33531/images/qhy600/ct_scans/November8_2024_PlantE/,Sample_E_with_QHY600_086_037,86.36642458,10,180,1,20
Sample E with QHY600,/SNSlocal/data/IPTS-33531/images/qhy600/ct_scans/November8_2024_PlantE/,Sample_E_with_QHY600_308_086,308.8586605,10,180,1,20
Sample E with QHY600,/SNSlocal/data/IPTS-33531/images/qhy600/ct_scans/November8_2024_PlantE/,Sample_E_with_QHY600_171_035,171.3508965,10,180,1,20
Sample E with QHY600,/SNSlocal/data/IPTS-33531/images/qhy600/ct_scans/November8_2024_PlantE/,Sample_E_with_QHY600_033_084,33.84313243,10,180,1,20
Sample E with QHY600,/SNSlocal/data/IPTS-33531/images/qhy600/ct_scans/November8_2024_PlantE/,Sample_E_with_QHY600_256_034,256.3353684,10,180,1,20
Sample E with QHY600,/SNSlocal/data/IPTS-33531/images/qhy600/ct_scans/November8_2024_PlantE/,Sample_E_with_QHY600_118_083,118.8276043,10,180,1,20
Sample E with QHY600,/SNSlocal/data/IPTS-33531/images/qhy600/ct_scans/November8_2024_PlantE/,Sample_E_with_QHY600_341_032,341.3198403,10,180,1,20
Sample E with QHY600,/SNSlocal/data/IPTS-33531/images/qhy600/ct_scans/November8_2024_PlantE/,Sample_E_with_QHY600_203_081,203.8120762,10,180,1,20
Sample E with QHY600,/SNSlocal/data/IPTS-33531/images/qhy600/ct_scans/November8_2024_PlantE/,Sample_E_with_QHY600_066_030,66.30431218,10,180,1,20
Sample E with QHY600,/SNSlocal/data/IPTS-33531/images/qhy600/ct_scans/November8_2024_PlantE/,Sample_E_with_QHY600_288_080,288.7965481,10,180,1,20
Sample E with QHY600,/SNSlocal/data/IPTS-33531/images/qhy600/ct_scans/November8_2024_PlantE/,Sample_E_with_QHY600_151_029,151.2887841,10,180,1,20
Sample E with QHY600,/SNSlocal/data/IPTS-33531/images/qhy600/ct_scans/November8_2024_PlantE/,Sample_E_with_QHY600_013_078,13.78102003,10,180,1,20
Sample E with QHY600,/SNSlocal/data/IPTS-33531/images/qhy600/ct_scans/November8_2024_PlantE/,Sample_E_with_QHY600_236_027,236.273256,10,180,1,20
Sample E with QHY600,/SNSlocal/data/IPTS-33531/images/qhy600/ct_scans/November8_2024_PlantE/,Sample_E_with_QHY600_098_077,98.76549193,10,180,1,20
Sample E with QHY600,/SNSlocal/data/IPTS-33531/images/qhy600/ct_scans/November8_2024_PlantE/,Sample_E_with_QHY600_321_026,321.2577279,10,180,1,20
Sample E with QHY600,/SNSlocal/data/IPTS-33531/images/qhy600/ct_scans/November8_2024_PlantE/,Sample_E_with_QHY600_183_075,183.7499638,10,180,1,20
Sample E with QHY600,/SNSlocal/data/IPTS-33531/images/qhy600/ct_scans/November8_2024_PlantE/,Sample_E_with_QHY600_046_024,46.24219978,10,180,1,20
Sample E with QHY600,/SNSlocal/data/IPTS-33531/images/qhy600/ct_scans/November8_2024_PlantE/,Sample_E_with_QHY600_268_073,268.7344357,10,180,1,20
Sample E with QHY600,/SNSlocal/data/IPTS-33531/images/qhy600/ct_scans/November8_2024_PlantE/,Sample_E_with_QHY600_131_023,131.2266717,10,180,1,20
Sample E with QHY600,/SNSlocal/data/IPTS-33531/images/qhy600/ct_scans/November8_2024_PlantE/,Sample_E_with_QHY600_353_072,353.7189076,10,180,1,20
Sample E with QHY600,/SNSlocal/data/IPTS-33531/images/qhy600/ct_scans/November8_2024_PlantE/,Sample_E_with_QHY600_216_021,216.2111436,10,180,1,20
Sample E with QHY600,/SNSlocal/data/IPTS-33531/images/qhy600/ct_scans/November8_2024_PlantE/,Sample_E_with_QHY600_078_070,78.70337953,10,180,1,20
Sample E with QHY600,/SNSlocal/data/IPTS-33531/images/qhy600/ct_scans/November8_2024_PlantE/,Sample_E_with_QHY600_301_020,301.1956155,10,180,1,20
Sample E with QHY600,/SNSlocal/data/IPTS-33531/images/qhy600/ct_scans/November8_2024_PlantE/,Sample_E_with_QHY600_163_069,163.6878514,10,180,1,20
Sample E with QHY600,/SNSlocal/data/IPTS-33531/images/qhy600/ct_scans/November8_2024_PlantE/,Sample_E_with_QHY600_026_018,26.18008738,10,180,1,20
Sample E with QHY600,/SNSlocal/data/IPTS-33531/images/qhy600/ct_scans/November8_2024_PlantE/,Sample_E_with_QHY600_248_067,248.6723233,10,180,1,20
Sample E with QHY600,/SNSlocal/data/IPTS-33531/images/qhy600/ct_scans/November8_2024_PlantE/,Sample_E_with_QHY600_111_016,111.1645593,10,180,1,20
Sample E with QHY600,/SNSlocal/data/IPTS-33531/images/qhy600/ct_scans/November8_2024_PlantE/,Sample_E_with_QHY600_333_066,333.6567952,10,180,1,20
Sample E with QHY600,/SNSlocal/data/IPTS-33531/images/qhy600/ct_scans/November8_2024_PlantE/,Sample_E_with_QHY600_196_015,196.1490312,10,180,1,20
Sample E with QHY600,/SNSlocal/data/IPTS-33531/images/qhy600/ct_scans/November8_2024_PlantE/,Sample_E_with_QHY600_058_064,58.64126713,10,180,1,20
Sample E with QHY600,/SNSlocal/data/IPTS-33531/images/qhy600/ct_scans/November8_2024_PlantE/,Sample_E_with_QHY600_281_013,281.1335031,10,180,1,20
Sample E with QHY600,/SNSlocal/data/IPTS-33531/images/qhy600/ct_scans/November8_2024_PlantE/,Sample_E_with_QHY600_143_063,143.625739,10,180,1,20
